Target_start_pos,Target_end_pos,Entry_info,Entry_ID,Entry_start_pos,Entry_end_pos,Spacer_start_pos,Spacer_end_pos,Spacer_sequence,CRISPRarray_ID,CRISPRarray_start_pos,CRISPRarray_end_pos
2070325,2070360,hypothetical protein,AMK16282.1,2069782,2070573,475200,475235,TATTTTCTCTGCATCTTCAAGCATTTCTTTTATAAC,CP014265.1_10,467425,477912
2099313,2099348,transglutaminase domain-containing protein,AMK16328.1,2098152,2099318,477647,477682,TTCAAAACCAAAATAAACCACTCCTTTTTTTTAGAA,CP014265.1_10,467425,477912
2099313,2099348,hypothetical protein,AMK16329.1,2099338,2100426,477647,477682,TTCAAAACCAAAATAAACCACTCCTTTTTTTTAGAA,CP014265.1_10,467425,477912
2098509,2098544,transglutaminase domain-containing protein,AMK16328.1,2098152,2099318,476391,476426,ATTAAAAAGACTAGTGTTATTCATAGTAATGTTAAA,CP014265.1_10,467425,477912
2100294,2100329,hypothetical protein,AMK16329.1,2099338,2100426,476191,476226,GCGTGGTACTTATACTAAAACTGATGGTTCAACTAC,CP014265.1_10,467425,477912
2083351,2083386,DNA modification methylase,AMK16312.1,2082896,2084035,477581,477616,ACCAGACAAGGAAGAAATAGAAGTAAATGTAAAACA,CP014265.1_10,467425,477912
2067631,2067666,phage integrase,AMK16280.1,2067219,2068562,466594,466629,TCAAATACGTACTAAATATTAGTTATATACATTACC,CP014265.1_8,465705,466726
2094265,2094300,hypothetical protein,AMK16325.1,2094107,2094490,473010,473045,TCAAGTGCCTTAGTATTTCTACTGATATTTACAAAA,CP014265.1_10,467425,477912
2077694,2077729,hypothetical protein,AMK16300.1,2077478,2078080,475926,475961,AGTAGTATTAGTATTATTTTCTTCTACAGGTGTATT,CP014265.1_10,467425,477912
2088411,2088446,phage-related protein,AMK16317.1,2088396,2089430,469181,469216,TACTACTCCTCTTACATATATTGCTTCTTGTTTTTC,CP014265.1_10,467425,477912
2105250,2105285,hypothetical protein,AMK16335.1,2104862,2105443,477383,477418,TTGAAACAAGATTATACTGCCTATAATTATTGAGAT,CP014265.1_10,467425,477912
2079213,2079248,hypothetical protein,AMK16304.1,2078792,2079274,476058,476093,CTATTCATGAAATCTATGAAAGGATACTAAAAGTAA,CP014265.1_10,467425,477912
2069657,2069693,phage-related protein,AMK16281.1,2068862,2069785,476124,476160,TAGGCCCAGTGTACTGTGCGATATACACAGTATCACC,CP014265.1_10,467425,477912
2067380,2067416,phage integrase,AMK16280.1,2067219,2068562,470374,470410,CAAAGAAGAACAATACCCTTACATAGATGAAAAAGGA,CP014265.1_10,467425,477912
2096048,2096084,phage tail tape measure protein,AMK16326.1,2094907,2097330,465339,465375,CTGAGGAAGGTAATATGTTAGCAAAGCTAATGACAAT,CP014265.1_7,463459,465605
2072304,2072340,-,-,-,-,472743,472779,TATGGTAGTAAAAAAGAAGGTATGTATTTTATATATT,CP014265.1_10,467425,477912
2067658,2067694,phage integrase,AMK16280.1,2067219,2068562,470174,470210,TACATTACCAAGCAGCTATAGTATTCATCGCACACAC,CP014265.1_10,467425,477912
2067406,2067442,phage integrase,AMK16280.1,2067219,2068562,472479,472515,ATGAAAAAGGACGGATACATGAATATGATCCGAACTT,CP014265.1_10,467425,477912
2081466,2081502,-,-,-,-,472810,472846,TTTATTTATAATTTTATTTTCCTCCTCTATAAATTTT,CP014265.1_10,467425,477912
